INSERT INTO departement (id, code, intitule) VALUES (1, 'INFOTEL','Informatique et Télécommunications'),
                                                    (2, 'ENREN', 'Energies Renouvelables'),
                                                    (3, 'GCA', 'Génie Civil et Architecture'),
                                                    (4, 'HYMAE', 'Hydraulique et Maitrise des Eaux'),
                                                    (5, 'SCIENV', 'Sciences Environnementales'),
                                                    (6, 'MC', 'Météorologie et Climatologie'),
                                                    (7, 'AGEPD', 'Agriculture, Elévage et Produits Dérivés'),
                                                    (8, 'ESB', 'Enseignements Scientifiques de Base'),
                                                    (9, 'AHN', 'Arts et Humanités Numériques'),
                                                    (10, 'GTC', 'Génie du Textile et Cuir');

INSERT INTO specialite (id, code, intitule, departement_id) VALUES (1, 'CRYP','Cryptographie et Sécurité Informatique', 1),
                                                                   (2, 'GELO','Génie Logiciel', 1),
                                                                   (3, 'DATA','Data Sciences', 1),
                                                                   (4, 'RTE','Réseaux et Télécommunications', 1),
                                                                   (5, 'ROB','Robotique', 1),
                                                                   (6, 'ES','Energies Solaires', 2),
                                                                   (7, 'EE','Energies Eoliennes', 2),
                                                                   (8, 'BIO','Biomasse', 2),
                                                                   (9, 'HYD','HydroElectricité', 2),
                                                                   (10, 'GC','Génie Civil', 3),
                                                                   (11, 'ARC','Architecture', 3),
                                                                   (12, 'GESA','Génie Sanitaire et Environnement', 4),
                                                                   (13, 'GEHY','Génie Hydraulique', 4),
                                                                   (14, 'BDD','Biodiversité et Developpement Durable', 5),
                                                                   (15, 'GENIE','Génie de l''environnement', 5),
                                                                   (16, 'PEDO','Pédologie', 6),
                                                                   (17, 'CLIM','Climatologie', 6),
                                                                   (18, 'PAA','Productions Animales et Aquaculture', 7),
                                                                   (19, 'PV','Productions Végétales', 7),
                                                                   (20, 'AGRAL','Agro-Alimentaire', 7),
                                                                   (21, 'EAME','Economie et Management des Entreprises', 7),
                                                                   (22, 'INFOTEL','Informatique et Télécommunications', 8),
                                                                   (23, 'ENREN','Energies Renouvelables', 8),
                                                                   (24, 'GCA1','Génie Civil', 8),
                                                                   (25, 'HYMAE','Hydraulique et Maitrise des Eaux', 8),
                                                                   (26, 'SCIENV','Sciences Environnementales', 8),
                                                                   (27, 'MC','Météorologie et Climatologie', 8),
                                                                   (28, 'GTC','Génie du Textile et du Cuir', 8),
                                                                   (29, 'IAN','Ingénierie des Arts Numériques', 9),
                                                                   (30, 'IHN','Ingénierie des Humanités Numériques', 9),
                                                                   (31, 'GPT','Génie des Procédés Textiles', 10),
                                                                   (32, 'GMT','Génie Mécanique Textiles', 10);
INSERT INTO annee_academique VALUES (1, '2022-2023'),
                                    (2, '2023-2024'),
                                    (3, '2024-2025'),
                                    (4, '2025-2026');

INSERT INTO niveau VALUES (1, 'Niveau 1'),
                        (2, 'Niveau 2'),
                        (3, 'Niveau 3'),
                        (4, 'Niveau 4'),
                        (5, 'Niveau 5');

INSERT INTO type_stage VALUES (1, 'Stage Ouvrier'),
                              (2, 'Stage d''imprégnation'),
                              (3, 'Stage d''insertion professionnelle'),
                              (4, 'Stage pre-ingénieur'),
                              (5, 'Stage de fin de formation');

INSERT INTO Parcours (id, specialite_id, niveau_id) VALUES (1, 22, 1),
                                                            (2, 23, 1),
                                                            (3, 24, 1),
                                                            (4, 25, 1),
                                                            (5, 26, 1),
                                                            (6, 27, 1),
                                                            (7, 28, 1),
                                                            (8, 22, 2),
                                                            (9, 23, 2),
                                                            (10, 24, 2),
                                                            (11, 25, 2),
                                                            (12, 26, 2),
                                                            (13, 27, 2),
                                                            (14, 28, 2),
                                                            (15, 1, 3),
                                                            (16, 2, 3),
                                                            (17, 3, 3),
                                                            (18, 4, 3),
                                                            (19, 5, 3),
                                                            (20, 1, 4),
                                                            (21, 2, 4),
                                                            (22, 3, 4),
                                                            (23, 4, 4),
                                                            (24, 5, 4),
                                                            (25, 1, 5),
                                                            (26, 2, 5),
                                                            (27, 3, 5),
                                                            (28, 4, 5),
                                                            (29, 5, 5),
                                                            (30, 6, 3),
                                                            (31, 7, 3),
                                                            (32, 8, 3),
                                                            (33, 9, 3),
                                                            (34, 6, 4),
                                                            (35, 7, 4),
                                                            (36, 8, 4),
                                                            (37, 9, 4),
                                                            (38, 6, 5),
                                                            (39, 7, 5),
                                                            (40, 8, 5),
                                                            (41, 9, 5),
                                                            (42, 10, 3),
                                                            (43, 10, 4),
                                                            (44, 10, 5),
                                                            (45, 11, 1),
                                                            (46, 11, 2),
                                                            (47, 11, 3),
                                                            (48, 11, 4),
                                                            (49, 11, 5),
                                                            (50, 12, 3),
                                                            (51, 13, 3),
                                                            (52, 12, 4),
                                                            (53, 13, 4),
                                                            (54, 12, 5),
                                                            (55, 13, 5),
                                                            (56, 14, 3),
                                                            (57, 15, 3),
                                                            (58, 14, 4),
                                                            (59, 15, 4),
                                                            (60, 14, 5),
                                                            (61, 15, 5),
                                                            (62, 16, 3),
                                                            (63, 17, 3),
                                                            (64, 16, 4),
                                                            (65, 17, 4),
                                                            (66, 16, 5),
                                                            (67, 17, 5),
                                                            (68, 18, 3),
                                                            (69, 19, 3),
                                                            (70, 20, 3),
                                                            (71, 21, 3),
                                                            (72, 18, 4),
                                                            (73, 19, 4),
                                                            (74, 20, 4),
                                                            (75, 21, 4),
                                                            (76, 18, 5),
                                                            (77, 19, 5),
                                                            (78, 20, 5),
                                                            (79, 21, 5),
                                                            (80, 29, 1),
                                                            (81, 30, 1),
                                                            (82, 29, 2),
                                                            (83, 30, 2),
                                                            (84, 29, 3),
                                                            (85, 30, 3),
                                                            (86, 29, 4),
                                                            (87, 30, 4),
                                                            (88, 29, 5),
                                                            (89, 30, 5),
                                                            (94, 31, 3),
                                                            (95, 32, 3),
                                                            (96, 31, 4),
                                                            (97, 32, 4),
                                                            (98, 31, 5),
                                                            (99, 32, 5);
INSERT INTO etudiant(id, matricule, nom, telephone) values 	(1, '21D0068EP', 'ABDOURAHMAN OUMAROU', '698686400'),
                                                            (2, '23ENSPM0556', 'ABSOLOM JEAN HIVIDI', '692806492'),
                                                            (3, '23ENSPM0557', 'ATINANG LOUMBI FAUSTIN', '695798718'),
                                                            (4, '23ENSPM0569', 'AWAMBA DJOU SONHAPIE ANGE VANELLE', '656299727'),
                                                            (5, '21D0070EP', 'BACHIROU BOUBA', '657181487'),
                                                            (6, '23ENSPM0558', 'BAYRELA DANRA THÉOPHILE', '693954557'),
                                                            (7, '23ENSPM0559', 'BONGOTI DIEUDONNÉ', '691252614'),
                                                            (8, '23ENSPM0560', 'DAFOKO JEAN MARIE', '695928403'),
                                                            (9, '21D0071EP', 'DE''ELE WORE DENISE', '692132291'),
                                                            (10, '23ENSPM0570', 'DJAOYANG PATRICK CHARLES', '691571101'),
                                                            (11, '20C0094EP', 'DOULOUA BERNARD', '658577421'),
                                                            (12, '21D0072EP', 'EKWEL NDJIMA SANDRA', '690252035'),
                                                            (13, '20C0095EP', 'ETOKWE FOKO MELTTY RAMSSES', '655829209'),
                                                            (14, '23ENSPM0548', 'FOMEKONG TUOYO ARMAND', '676683384'),
                                                            (15, '21D0073EP', 'HADJA KINGUI', '692803078'),
                                                            (16, '21D0074EP', 'HANAL AHMED FELATA', '657919696'),
                                                            (17, '21D0365EP', 'KAMAH BALERI YANNICK', ''),
                                                            (18, '21D0076EP', 'KENOU KENGNI AROL JORDAN', '698100970'),
                                                            (19, '21D0092EP', 'KETIEKMEN TCHATCHOU GRÂCE', '696267404'),
                                                            (20, '23ENSPM0572', 'KOUAKAM ATSANG IDRIS KEROL', '699570717'),
                                                            (21, '20C0097EP', 'LONGA JOAKIM', '692979774'),
                                                            (22, '20C0086EP', 'MAÏ LAÏSSO MANUELA HILARY', '691254084'),
                                                            (23, '21D0078EP', 'MAJO NOUBISSI INES GUILAINE', '691340574'),
                                                            (24, '21D0079EP', 'MARIE FIDÈLE NKENG MATIP', '697565906'),
                                                            (25, '21D0080EP', 'MEFANBOU KENMOE EUNICE', '690347945'),
                                                            (26, '21D0082EP', 'MOSSONG OUDA NIVANA GLADYS', '693167816'),
                                                            (27, '23ENSPM0573', 'NANGUE MOUAFO DIBRINE', '696233601'),
                                                            (28, '23ENSPM0574', 'NEGHA FOSSO ALAIN JOEL', '6 59 44 52 40'),
                                                            (29, '21D0084EP', 'NGUEMO TIONDONG IVANOL JOSQUIN', '690564954'),
                                                            (30, '21D0085EP', 'NGUENE NDA FRANÇOISE', '674948037'),
                                                            (31, '23ENSPM0550', 'NGOUABE NGUEUGOUE MARIE CHANCELLE', '678041333'),
                                                            (32, '22E0624EP', 'SAMADA RAMAN', '694953737'),
                                                            (33, '21D0088EP', 'SOULEYMANOU', '690387842'),
                                                            (34, '23ENSPM0568', 'WANGUIGUE MICHEL', '691616060'),
                                                            (35, '23ENSPM0575', 'WELLAN MAKWAMBA MBOM BONIFACE BRYAN', '686971487'),
                                                            (36, '21D0091EP', 'ZING BITOTE PHILIPPE LEANDRA', '687761734'),
                                                            (37, '20C0093EP', 'ZOUMALLA ANTOINE', '698821492'),
                                                            (38, '23ENSPM0551', 'APOTSOM LUCIENNE', ''),
                                                            (39, '23ENSPM0561', 'DAWAYA MARGUERITE', '690188821'),
                                                            (40, '20C0084EP', 'DEPE RODRIGUE', ''),
                                                            (41, '23ENSPM0562', 'DOUDOU SIDI CELINE', '695552335'),
                                                            (42, '23ENSPM0571', 'DZEMZEHENG ULRICH', '681136129'),
                                                            (43, '22ENSPM0633', 'ESSOUNE DINA NOËL!h', '697924277'),
                                                            (44, '23ENSPM0564', 'HAWAGAÏ CLAUDINE ROBERT', '698288640'),
                                                            (45, '23ENSPM0565', 'ISRAEL TEMGA WAKREO', '657650761'),
                                                            (46, '23ENSPM0552', 'KAOBAIBO VALENTIN', '656460187'),
                                                            (47, '23ENSPM0566', 'MAÏDAWE NADEGE', '697940322'),
                                                            (48, '23ENSPM0549', 'MAIKARDE CHRISTINE', '696516960'),
                                                            (49, '23ENSPM0567', 'MBIRVI MONDOUROU MIRYAM KESSEO', '690168501'),
                                                            (50, '20C0378EP', 'MBOUOMBOUO NSANGOU ERIC', '694934540'),
                                                            (51, '16F471S', 'MINANDI ZOUKSIA WILFRIED', ''),
                                                            (52, '23ENSPM0554', 'VOUNGAM BASSAMI CASIMIR', '698218362'),
                                                            (53, '23ENSPM0576', 'YAKAM YAKAM VICTOR ARNAUD', '694340406'),
                                                            (54, '23ENSPM0555', 'ZAN MINE SANDA ROSALINE', '691306008'),
                                                            (55, '20C0366EP', 'EMMANUEL BOUBAKARI', '694332945');
INSERT INTO periode_stage(id, type_stage_id, annee_academique_id, date_debut, date_fin) VALUES (1,1,4,'2026-08-01','2026-08-31'),
                                                                                                (2,2,4,'2026-08-01','2026-08-31'),
                                                                                                (3,3,4,'2026-08-01','2026-09-30'),
                                                                                                (4,4,4,'2026-07-01','2026-08-31'),
                                                                                                (5,5,4,'2026-01-01','2026-06-30');
INSERT INTO entreprise (id, nom) VALUES (1, 'VIVA-BENOUE'),
					 (2, 'CGCOC GROUP'),
					 (3, 'SOTREAS SARL'),
					 (4, 'STATION DE TRAITEMENT DES BOUES DE VIDANGE DE YAOUNDÉ'),
					 (5, 'VIVA LOGONE'),
					 (6, 'SAHEL BIO CONSTRUCT'),
					 (7, 'DR-MINEPDED'),
					 (8, 'EFFORT POUR L''ENVIRONNEMENT AU SAHEL'),
					 (9, 'COMMUNE DE YAGOUA'),
					 (10, 'ENVIRO-PROTECT'),
					 (11, 'ECCADDT'),
					 (12, 'SABC'),
					 (13, 'SODECOTON'),
					 (14, 'BOCOM PETROLEUM'),
					 (15, 'SECA CAMEROUN'),
					 (16, 'HYSACAM S.A'),
					 (17, 'VIVA-LOGONE'),
					 (18, 'GES CONSULTING'),
					 (19, 'AFRICA GLOBAL LOGISTICS (AGL)'),
					 (20, 'CHOCOCAM TIGER BRANDS'),
					 (21, 'IRAD'),
					 (22, 'AVIAC INTERNATIONAL LLC'),
					 (23, 'ONG-ACEEN'),
					 (24, 'LABORATOIRE DE MICROBIOLOGIE DES SOLS DE YAOUNDÉ 1'),
					 (25, 'MINEPDED'),
					 (26, 'ONG SAILD'),
					 (27, 'ALLIANCE BIOVERSITY INTERNATIONAL & CIAT'),
					 (28, 'MINTP'),
					 (29, 'VIVA BENOUE'),
					 (30, 'CARITAS MAROUA MOKOLO'),
					 (31, 'IRAD MAROUA'),
					 (32, 'COMITÉ DE DIOCÉSAINE DE DÉVELOPPEMENT (CDD)'),
					 (33, 'CARITAS MAROUA-MOKOLO');
					 