INSERT INTO departement (id, code, intitule) VALUES (1, 'INFOTEL','Informatique et Télécommunications'),
                                                    (2, 'ENREN', 'Energies Renouvelables'),
                                                    (3, 'GCA', 'Génie Civil et Architecture'),
                                                    (4, 'HYMAE', 'Hydraulique et Maitrise des Eaux'),
                                                    (5, 'SCIENV', 'Sciences Environnementales'),
                                                    (6, 'MC', 'Météorologie et Climatologie'),
                                                    (7, 'AGEPD', 'Agriculture, Elévage et Produits Dérivés'),
                                                    (8, 'ESB', 'Enseignements Scienctifiques de Base'),
                                                    (9, 'AHN', 'Arts et Humanités Numériques'),
                                                    (10, 'GTC', 'Génie du Texttile et Cuir');
INSERT INTO specialite (id, code, intitule, departement_id) VALUES (1, 'CRYP','Cryptographie et Sécurité Informatique', 1),
                                                                   (2, 'GELO','Génie Logiciel', 1),
                                                                   (3, 'DATA','Data Sciences', 1),
                                                                   (4, 'RTE','Réseaux et Télécommunications', 1),
                                                                   (5, 'ROB','Robotique', 1),
                                                                   (6, 'ES','Energies Solaires', 2),
                                                                   (7, 'EE','Energies Eoliennes', 2),
                                                                   (8, 'BIO','Biomasse', 2),
                                                                   (9, 'HYD','HydroElectricité', 2),
                                                                   (10, 'GC','Génie Civil', 3),
                                                                   (11, 'ARC','Architecture', 3),
                                                                   (12, 'GESA','Génie Sanitaire et Environnement', 4),
                                                                   (13, 'GEHY','Génie Hydraulique', 4),
                                                                   (14, 'BDD','Biodiversité et Developpement Durable', 5),
                                                                   (15, 'GENIE','Génie de l''environnement', 5),
                                                                   (16, 'PEDO','Pédologie', 6),
                                                                   (17, 'CLIM','Climatologie', 6),
                                                                   (18, 'PAA','Productions Animales et Aquaculture', 7),
                                                                   (19, 'PV','Productions Végétales', 7),
                                                                   (20, 'AGRAL','Agro-Alimentaire', 7),
                                                                   (21, 'EAME','Economie et Management des Entreprises', 7),
                                                                   (22, 'INFOTEL','Informatique et Télécommunications', 8),
                                                                   (23, 'ENREN','Energies Renouvelables', 8),
                                                                   (24, 'GCA1','Génie Civil', 8),
                                                                   (25, 'GCA2','Architecture', 8),
                                                                   (26, 'HYMAE','Hydraulique et Maitrise des Eaux', 8),
                                                                   (27, 'SCIENV','Sciences Environnementales', 8),
                                                                   (28, 'MC','Météorologie et Climatologie', 8),
                                                                   (29, 'AHN1','Ingénierie des Arts Numériques', 8),
                                                                   (30, 'AHN2','Ingénierie des Humanités Numériques', 8),
                                                                   (31, 'GTC','Génie du Textile et du Cuir', 8),
                                                                   (32, 'IAN','Ingénierie des Arts Numériques', 9),
                                                                   (33, 'IHN','Ingénierie des Humanités Numériques', 9),
                                                                   (34, 'GPT','Génie des Procédés Textiles', 10),
                                                                   (35, 'GMT','Génie Mécanique Textiles', 10);
INSERT INTO annee_academique VALUES (1, '2022-2023'),
                                    (2, '2023-2024'),
                                    (3, '2024-2025'),
                                    (4, '2025-2026');
INSERT INTO niveau VALUES (1, 'Niveau 1'),
                        (2, 'Niveau 2'),
                        (3, 'Niveau 3'),
                        (4, 'Niveau 4'),
                        (5, 'Niveau 5');
                                                                   


